Name,Chemicals,Safety,Sent1,class,tokens,entities
Micropenam-S Injection,Meropenem (1000mg)+ Sulbactam (500mg),Caution is advised when consuming alcohol with Micropenam-S Injection,Micropenam-S Injection contains Meropenem (1000mg)+ Sulbactam (500mg) and Caution is advised when consuming alcohol with Micropenam-S Injection,  ANTI INFECTIVE,"['Micropenam', '-', 'S', 'Injection', 'contains', 'Meropenem', '(', '1000mg)+', 'Sulbactam', '(', '500', 'mg', ')', 'and', 'Caution', 'is', 'advised', 'when', 'consuming', 'alcohol', 'with', 'Micropenam', '-', 'S', 'Injection']","['Meropenem', '1000mg)', 'Sulbactam']"
Uroclan 1.53gm Syrup,Disodium Hydrogen Citrate (1.53gm),It is not known whether it is safe to consume alcohol with Uroclan 1,Uroclan 1.53gm Syrup contains Disodium Hydrogen Citrate (1.53gm) and It is not known whether it is safe to consume alcohol with Uroclan 1,  UROLOGY ,"['Uroclan', '1.53gm', 'Syrup', 'contains', 'Disodium', 'Hydrogen', 'Citrate', '(', '1.53gm', ')', 'and', 'It', 'is', 'not', 'known', 'whether', 'it', 'is', 'safe', 'to', 'consume', 'alcohol', 'with', 'Uroclan', '1']",['Hydrogen Citrate']
Rebaxide Tablet,Chlordiazepoxide (2.5mg)+ Clidinium (5mg),It is unsafe to consume alcohol with Rebaxide Tablet,Rebaxide Tablet contains Chlordiazepoxide (2.5mg)+ Clidinium (5mg) and It is unsafe to consume alcohol with Rebaxide Tablet,  GASTRO INTESTINA,"['Rebaxide', 'Tablet', 'contains', 'Chlordiazepoxide', '(', '2.5mg)+', 'Clidinium', '(', '5', 'mg', ')', 'and', 'It', 'is', 'unsafe', 'to', 'consume', 'alcohol', 'with', 'Rebaxide', 'Tablet']","['Rebaxide', 'Chlordiazepoxide', '2.5mg)', 'Clidinium', 'Rebaxide']"
Luikyne 1% Cream,Luliconazole (1% w/w),"No interaction found/established,imageAltTextAlcohol,imageUrlhttps//onemg","Luikyne 1% Cream contains Luliconazole (1% w/w) and No interaction found/established,imageAltTextAlcohol,imageUrlhttps//onemg",  DERM,"['Luikyne', '1', '%', 'Cream', 'contains', 'Luliconazole', '(', '1', '%', 'w', '/', 'w', ')', 'and', 'No', 'interaction', 'found', '/', 'established', ',', 'imageAltTextAlcohol', ',', 'imageUrlhttps//onemg']","['Luliconazole', 'imageAltTextAlcohol']"
Onstair-O Tablet,Ondansetron (4mg)+ Omeprazole (20mg),Caution is advised when consuming alcohol with Onstair-O Tablet,Onstair-O Tablet contains Ondansetron (4mg)+ Omeprazole (20mg) and Caution is advised when consuming alcohol with Onstair-O Tablet,  GASTRO INTESTINA,"['Onstair', '-', 'O', 'Tablet', 'contains', 'Ondansetron', '(', '4mg)+', 'Omeprazole', '(', '20', 'mg', ')', 'and', 'Caution', 'is', 'advised', 'when', 'consuming', 'alcohol', 'with', 'Onstair', '-', 'O', 'Tablet']","['Ondansetron (4mg)', 'Omeprazole']"
Nantipan 40 Injection,Pantoprazole (40mg),It is unsafe to consume alcohol with Nantipan 40 Injection,Nantipan 40 Injection contains Pantoprazole (40mg) and It is unsafe to consume alcohol with Nantipan 40 Injection,  GASTRO INTESTINAL ,"['Nantipan', '40', 'Injection', 'contains', 'Pantoprazole', '(', '40', 'mg', ')', 'and', 'It', 'is', 'unsafe', 'to', 'consume', 'alcohol', 'with', 'Nantipan', '40', 'Injection']",['Pantoprazole']
Walapan L 75mg/40mg Capsule SR,Levosulpiride (75mg)+ Pantoprazole (40mg),Walapan L 75mg/40mg Capsule SR may cause excessive drowsiness with alcohol,Walapan L 75mg/40mg Capsule SR contains Levosulpiride (75mg)+ Pantoprazole (40mg) and Walapan L 75mg/40mg Capsule SR may cause excessive drowsiness with alcohol,  GASTRO INTESTINA,"['Walapan', 'L', '75mg/40', 'mg', 'Capsule', 'SR', 'contains', 'Levosulpiride', '(', '75mg)+', 'Pantoprazole', '(', '40', 'mg', ')', 'and', 'Walapan', 'L', '75mg/40', 'mg', 'Capsule', 'SR', 'may', 'cause', 'excessive', 'drowsiness', 'with', 'alcohol']","['Levosulpiride', '75mg)', 'Pantoprazole']"
Oncoginase 10000IU Injection,Asparaginase (10000IU),It is not known whether it is safe to consume alcohol with Oncoginase 10000IU Injection,Oncoginase 10000IU Injection contains Asparaginase (10000IU) and It is not known whether it is safe to consume alcohol with Oncoginase 10000IU Injection,  ANTI NEOPLASTICS ,"['Oncoginase', '10000IU', 'Injection', 'contains', 'Asparaginase', '(', '10000IU', ')', 'and', 'It', 'is', 'not', 'known', 'whether', 'it', 'is', 'safe', 'to', 'consume', 'alcohol', 'with', 'Oncoginase', '10000IU', 'Injection']",[]
Vanti-M Forte Injection,Folic Acid (0.7mg)+ Methylcobalamin (1500mcg)+ Niacinamide (12mg),Caution is advised when consuming alcohol with Vanti-M Forte Injection,Vanti-M Forte Injection contains Folic Acid (0.7mg)+ Methylcobalamin (1500mcg)+ Niacinamide (12mg) and Caution is advised when consuming alcohol with Vanti-M Forte Injection,  VITAMINS MINERALS NUTRIENT,"['Vanti', '-', 'M', 'Forte', 'Injection', 'contains', 'Folic', 'Acid', '(', '0.7mg)+', 'Methylcobalamin', '(', '1500mcg)+', 'Niacinamide', '(', '12', 'mg', ')', 'and', 'Caution', 'is', 'advised', 'when', 'consuming', 'alcohol', 'with', 'Vanti', '-', 'M', 'Forte', 'Injection']","['Folic Acid', '0.7mg)', 'Niacinamide']"
Vertiline 8mg Tablet,Betahistine (8mg),Consuming alcohol with Vertiline 8mg Tablet does not cause any harmful side effects,Vertiline 8mg Tablet contains Betahistine (8mg) and Consuming alcohol with Vertiline 8mg Tablet does not cause any harmful side effects,  NEURO CNS ,"['Vertiline', '8', 'mg', 'Tablet', 'contains', 'Betahistine', '(', '8', 'mg', ')', 'and', 'Consuming', 'alcohol', 'with', 'Vertiline', '8', 'mg', 'Tablet', 'does', 'not', 'cause', 'any', 'harmful', 'side', 'effects']",['Betahistine']
Stimat 5mg Tablet MD,Prochlorperazine (5mg),Stimat 5mg Tablet MD may cause excessive drowsiness with alcohol,Stimat 5mg Tablet MD contains Prochlorperazine (5mg) and Stimat 5mg Tablet MD may cause excessive drowsiness with alcohol,  GASTRO INTESTINA,"['Stimat', '5', 'mg', 'Tablet', 'MD', 'contains', 'Prochlorperazine', '(', '5', 'mg', ')', 'and', 'Stimat', '5', 'mg', 'Tablet', 'MD', 'may', 'cause', 'excessive', 'drowsiness', 'with', 'alcohol']",['Prochlorperazine']
Vildaryl-M 500 Tablet,Metformin  (500mg)+  Vildagliptin (50mg),It is unsafe to consume alcohol with Vildaryl-M 500 Tablet,Vildaryl-M 500 Tablet contains Metformin  (500mg)+  Vildagliptin (50mg) and It is unsafe to consume alcohol with Vildaryl-M 500 Tablet,  ANTI DIABETI,"['Vildaryl', '-', 'M', '500', 'Tablet', 'contains', 'Metformin', ' ', '(', '500mg)+', ' ', 'Vildagliptin', '(', '50', 'mg', ')', 'and', 'It', 'is', 'unsafe', 'to', 'consume', 'alcohol', 'with', 'Vildaryl', '-', 'M', '500', 'Tablet']","['Vildaryl-M', 'Metformin', '500mg)', 'Vildagliptin', 'Vildaryl-M']"
Martideca 50mg Injection,Nandrolone Decanoate (50mg),It is not known whether it is safe to consume alcohol with Martideca 50mg Injection,Martideca 50mg Injection contains Nandrolone Decanoate (50mg) and It is not known whether it is safe to consume alcohol with Martideca 50mg Injection,  HORMONE,"['Martideca', '50', 'mg', 'Injection', 'contains', 'Nandrolone', 'Decanoate', '(', '50', 'mg', ')', 'and', 'It', 'is', 'not', 'known', 'whether', 'it', 'is', 'safe', 'to', 'consume', 'alcohol', 'with', 'Martideca', '50', 'mg', 'Injection']",['Nandrolone Decanoate']
Trajone Taz 1000mg/125mg Injection,Ceftriaxone (1000mg)+ Tazobactum (125mg),Consuming alcohol with Trajone Taz 1000mg/125mg Injection does not cause any harmful side effects,Trajone Taz 1000mg/125mg Injection contains Ceftriaxone (1000mg)+ Tazobactum (125mg) and Consuming alcohol with Trajone Taz 1000mg/125mg Injection does not cause any harmful side effects,  ANTI INFECTIVE,"['Trajone', 'Taz', '1000mg/125', 'mg', 'Injection', 'contains', 'Ceftriaxone', '(', '1000mg)+', 'Tazobactum', '(', '125', 'mg', ')', 'and', 'Consuming', 'alcohol', 'with', 'Trajone', 'Taz', '1000mg/125', 'mg', 'Injection', 'does', 'not', 'cause', 'any', 'harmful', 'side', 'effects']","['Trajone', 'Ceftriaxone', 'Trajone']"
Tyrodin Cream,Tranexamic Acid (10% w/w)+ Kojic Acid (2% w/w)+ Arbutin (1.5% w/w)+ Magnesium (1% w/w)+ Vitamin E (1% w/w)+ Mulberry extract (1% w/w),"No interaction found/established,imageAltTextAlcohol,imageUrlhttps//onemg","Tyrodin Cream contains Tranexamic Acid (10% w/w)+ Kojic Acid (2% w/w)+ Arbutin (1.5% w/w)+ Magnesium (1% w/w)+ Vitamin E (1% w/w)+ Mulberry extract (1% w/w) and No interaction found/established,imageAltTextAlcohol,imageUrlhttps//onemg",  DERM,"['Tyrodin', 'Cream', 'contains', 'Tranexamic', 'Acid', '(', '10', '%', 'w', '/', 'w)+', 'Kojic', 'Acid', '(', '2', '%', 'w', '/', 'w)+', 'Arbutin', '(', '1.5', '%', 'w', '/', 'w)+', 'Magnesium', '(', '1', '%', 'w', '/', 'w)+', 'Vitamin', 'E', '(', '1', '%', 'w', '/', 'w)+', 'Mulberry', 'extract', '(', '1', '%', 'w', '/', 'w', ')', 'and', 'No', 'interaction', 'found', '/', 'established', ',', 'imageAltTextAlcohol', ',', 'imageUrlhttps//onemg']","['Tyrodin', 'Tranexamic Acid', 'Kojic Acid', 'Arbutin', 'Magnesium', 'Vitamin E', 'imageAltTextAlcohol']"
Zolam 0.25mg Tablet,Alprazolam (0.25mg),It is unsafe to consume alcohol with Zolam 0,Zolam 0.25mg Tablet contains Alprazolam (0.25mg) and It is unsafe to consume alcohol with Zolam 0,  NEURO CNS ,"['Zolam', '0.25', 'mg', 'Tablet', 'contains', 'Alprazolam', '(', '0.25', 'mg', ')', 'and', 'It', 'is', 'unsafe', 'to', 'consume', 'alcohol', 'with', 'Zolam', '0']",['Alprazolam']
Olgo Tablet,Ofloxacin (200mg),It is unsafe to consume alcohol with Olgo Tablet,Olgo Tablet contains Ofloxacin (200mg) and It is unsafe to consume alcohol with Olgo Tablet,  ANTI INFECTIVES ,"['Olgo', 'Tablet', 'contains', 'Ofloxacin', '(', '200', 'mg', ')', 'and', 'It', 'is', 'unsafe', 'to', 'consume', 'alcohol', 'with', 'Olgo', 'Tablet']",['Ofloxacin']
Tramspin Tablet,Tramadol (37.5mg)+ Paracetamol (325mg),It is unsafe to consume alcohol with Tramspin Tablet,Tramspin Tablet contains Tramadol (37.5mg)+ Paracetamol (325mg) and It is unsafe to consume alcohol with Tramspin Tablet,  PAIN ANALGESIC,"['Tramspin', 'Tablet', 'contains', 'Tramadol', '(', '37.5mg)+', 'Paracetamol', '(', '325', 'mg', ')', 'and', 'It', 'is', 'unsafe', 'to', 'consume', 'alcohol', 'with', 'Tramspin', 'Tablet']","['Tramspin', 'Paracetamol']"
Uclav 500mg/125mg Tablet,Amoxycillin  (500mg)+  Clavulanic Acid (125mg),Consuming alcohol with Uclav 500mg/125mg Tablet does not cause any harmful side effects,Uclav 500mg/125mg Tablet contains Amoxycillin  (500mg)+  Clavulanic Acid (125mg) and Consuming alcohol with Uclav 500mg/125mg Tablet does not cause any harmful side effects,  ANTI INFECTIVE,"['Uclav', '500mg/125', 'mg', 'Tablet', 'contains', 'Amoxycillin', ' ', '(', '500mg)+', ' ', 'Clavulanic', 'Acid', '(', '125', 'mg', ')', 'and', 'Consuming', 'alcohol', 'with', 'Uclav', '500mg/125', 'mg', 'Tablet', 'does', 'not', 'cause', 'any', 'harmful', 'side', 'effects']","['Amoxycillin', '500mg)', 'Clavulanic Acid']"
Penron 40mg Tablet,Pantoprazole (40mg),It is unsafe to consume alcohol with Penron 40mg Tablet,Penron 40mg Tablet contains Pantoprazole (40mg) and It is unsafe to consume alcohol with Penron 40mg Tablet,  GASTRO INTESTINAL ,"['Penron', '40', 'mg', 'Tablet', 'contains', 'Pantoprazole', '(', '40', 'mg', ')', 'and', 'It', 'is', 'unsafe', 'to', 'consume', 'alcohol', 'with', 'Penron', '40', 'mg', 'Tablet']",['Pantoprazole']
Prenura MNT 75mg/10mg/1500mcg Tablet,Pregabalin (75mg)+ Nortriptyline (10mg)+ Methylcobalamin (1500mcg),Prenura MNT 75mg/10mg/1500mcg Tablet may cause excessive drowsiness with alcohol,Prenura MNT 75mg/10mg/1500mcg Tablet contains Pregabalin (75mg)+ Nortriptyline (10mg)+ Methylcobalamin (1500mcg) and Prenura MNT 75mg/10mg/1500mcg Tablet may cause excessive drowsiness with alcohol,  NEURO CN,"['Prenura', 'MNT', '75mg/10mg/1500mcg', 'Tablet', 'contains', 'Pregabalin', '(', '75mg)+', 'Nortriptyline', '(', '10mg)+', 'Methylcobalamin', '(', '1500mcg', ')', 'and', 'Prenura', 'MNT', '75mg/10mg/1500mcg', 'Tablet', 'may', 'cause', 'excessive', 'drowsiness', 'with', 'alcohol']","['Pregabalin (75mg)', 'Nortriptyline']"
Ultrin D Tablet,Tramadol (37.5mg)+ Paracetamol (325mg),It is unsafe to consume alcohol with Ultrin D Tablet,Ultrin D Tablet contains Tramadol (37.5mg)+ Paracetamol (325mg) and It is unsafe to consume alcohol with Ultrin D Tablet,  PAIN ANALGESIC,"['Ultrin', 'D', 'Tablet', 'contains', 'Tramadol', '(', '37.5mg)+', 'Paracetamol', '(', '325', 'mg', ')', 'and', 'It', 'is', 'unsafe', 'to', 'consume', 'alcohol', 'with', 'Ultrin', 'D', 'Tablet']","['Ultrin D', 'Paracetamol', 'Ultrin D']"
Ramilet 2.5mg Tablet,Ramipril (2.5mg),Ramilet 2,Ramilet 2.5mg Tablet contains Ramipril (2.5mg) and Ramilet 2,  CARDIAC ,"['Ramilet', '2.5', 'mg', 'Tablet', 'contains', 'Ramipril', '(', '2.5', 'mg', ')', 'and', 'Ramilet', '2']",[]
Numifer 20mg Injection,Iron Sucrose (20mg),It is unsafe to consume alcohol with Numifer 20mg Injection,Numifer 20mg Injection contains Iron Sucrose (20mg) and It is unsafe to consume alcohol with Numifer 20mg Injection,  GYNAECOLOGICAL ,"['Numifer', '20', 'mg', 'Injection', 'contains', 'Iron', 'Sucrose', '(', '20', 'mg', ')', 'and', 'It', 'is', 'unsafe', 'to', 'consume', 'alcohol', 'with', 'Numifer', '20', 'mg', 'Injection']",['Iron Sucrose']
Osacid-DSR Capsule,Domperidone (30mg)+ Pantoprazole (40mg),Caution is advised when consuming alcohol with Osacid-DSR Capsule,Osacid-DSR Capsule contains Domperidone (30mg)+ Pantoprazole (40mg) and Caution is advised when consuming alcohol with Osacid-DSR Capsule,  GASTRO INTESTINA,"['Osacid', '-', 'DSR', 'Capsule', 'contains', 'Domperidone', '(', '30mg)+', 'Pantoprazole', '(', '40', 'mg', ')', 'and', 'Caution', 'is', 'advised', 'when', 'consuming', 'alcohol', 'with', 'Osacid', '-', 'DSR', 'Capsule']","['Osacid', 'DSR', 'Pantoprazole', 'DSR']"
Oltum S 1000mg/500mg Injection,Cefoperazone (1000mg)+ Sulbactam (500mg),"Consuming alcohol while taking Oltum S 1000mg/500mg Injection may cause symptoms such as flushing, increased heart beat, nausea, thirst, chest pain and low blood pressure (Disulfiram reaction)","Oltum S 1000mg/500mg Injection contains Cefoperazone (1000mg)+ Sulbactam (500mg) and Consuming alcohol while taking Oltum S 1000mg/500mg Injection may cause symptoms such as flushing, increased heart beat, nausea, thirst, chest pain and low blood pressure (Disulfiram reaction)",  ANTI INFECTIVE,"['Oltum', 'S', '1000mg/500', 'mg', 'Injection', 'contains', 'Cefoperazone', '(', '1000mg)+', 'Sulbactam', '(', '500', 'mg', ')', 'and', 'Consuming', 'alcohol', 'while', 'taking', 'Oltum', 'S', '1000mg/500', 'mg', 'Injection', 'may', 'cause', 'symptoms', 'such', 'as', 'flushing', ',', 'increased', 'heart', 'beat', ',', 'nausea', ',', 'thirst', ',', 'chest', 'pain', 'and', 'low', 'blood', 'pressure', '(', 'Disulfiram', 'reaction', ')']","['S', 'Cefoperazone', '1000mg)', 'Sulbactam', 'S']"
Nimjet Plus 100mg/500mg Tablet,Nimesulide (100mg)+ Paracetamol (500mg),It is unsafe to consume alcohol with Nimjet Plus 100mg/500mg Tablet,Nimjet Plus 100mg/500mg Tablet contains Nimesulide (100mg)+ Paracetamol (500mg) and It is unsafe to consume alcohol with Nimjet Plus 100mg/500mg Tablet,  PAIN ANALGESIC,"['Nimjet', 'Plus', '100mg/500', 'mg', 'Tablet', 'contains', 'Nimesulide', '(', '100mg)+', 'Paracetamol', '(', '500', 'mg', ')', 'and', 'It', 'is', 'unsafe', 'to', 'consume', 'alcohol', 'with', 'Nimjet', 'Plus', '100mg/500', 'mg', 'Tablet']","['Nimesulide', 'Paracetamol']"
NEO RECORMON 10000 IU INJECTION,Recombinant Human Erythropoietin Beta (10000IU),It is not known whether it is safe to consume alcohol with NEO RECORMON 10000 IU INJECTION,NEO RECORMON 10000 IU INJECTION contains Recombinant Human Erythropoietin Beta (10000IU) and It is not known whether it is safe to consume alcohol with NEO RECORMON 10000 IU INJECTION,  BLOOD RELATED ,"['NEO', 'RECORMON', '10000', 'IU', 'INJECTION', 'contains', 'Recombinant', 'Human', 'Erythropoietin', 'Beta', '(', '10000IU', ')', 'and', 'It', 'is', 'not', 'known', 'whether', 'it', 'is', 'safe', 'to', 'consume', 'alcohol', 'with', 'NEO', 'RECORMON', '10000', 'IU', 'INJECTION']",[]
Mefnol Forte 250mg/325mg Tablet,Mefenamic Acid (250mg)+ Paracetamol (325mg),It is unsafe to consume alcohol with Mefnol Forte 250mg/325mg Tablet,Mefnol Forte 250mg/325mg Tablet contains Mefenamic Acid (250mg)+ Paracetamol (325mg) and It is unsafe to consume alcohol with Mefnol Forte 250mg/325mg Tablet,  PAIN ANALGESIC,"['Mefnol', 'Forte', '250mg/325', 'mg', 'Tablet', 'contains', 'Mefenamic', 'Acid', '(', '250mg)+', 'Paracetamol', '(', '325', 'mg', ')', 'and', 'It', 'is', 'unsafe', 'to', 'consume', 'alcohol', 'with', 'Mefnol', 'Forte', '250mg/325', 'mg', 'Tablet']","['Mefnol', 'Mefenamic Acid', 'Paracetamol', 'Mefnol']"
TILPRIDE 75 MG TABLET SR,Levosulpiride (75mg),It is unsafe to consume alcohol with TILPRIDE 75 MG TABLET SR,TILPRIDE 75 MG TABLET SR contains Levosulpiride (75mg) and It is unsafe to consume alcohol with TILPRIDE 75 MG TABLET SR,  NEURO CNS ,"['TILPRIDE', '75', 'MG', 'TABLET', 'SR', 'contains', 'Levosulpiride', '(', '75', 'mg', ')', 'and', 'It', 'is', 'unsafe', 'to', 'consume', 'alcohol', 'with', 'TILPRIDE', '75', 'MG', 'TABLET', 'SR']",['Levosulpiride']
Valvo CR 500 Tablet,Sodium Valproate (333mg)+ Valproic Acid (145mg),It is unsafe to consume alcohol with Valvo CR 500 Tablet,Valvo CR 500 Tablet contains Sodium Valproate (333mg)+ Valproic Acid (145mg) and It is unsafe to consume alcohol with Valvo CR 500 Tablet,  NEURO CN,"['Valvo', 'CR', '500', 'Tablet', 'contains', 'Sodium', 'Valproate', '(', '333mg)+', 'Valproic', 'Acid', '(', '145', 'mg', ')', 'and', 'It', 'is', 'unsafe', 'to', 'consume', 'alcohol', 'with', 'Valvo', 'CR', '500', 'Tablet']","['Sodium Valproate', 'Valproic Acid']"
Uvaline Plus 500mg/800mg Tablet,Citicoline (500mg)+ Piracetam (800mg),It is not known whether it is safe to consume alcohol with Uvaline Plus 500mg/800mg Tablet,Uvaline Plus 500mg/800mg Tablet contains Citicoline (500mg)+ Piracetam (800mg) and It is not known whether it is safe to consume alcohol with Uvaline Plus 500mg/800mg Tablet,  NEURO CN,"['Uvaline', 'Plus', '500mg/800', 'mg', 'Tablet', 'contains', 'Citicoline', '(', '500mg)+', 'Piracetam', '(', '800', 'mg', ')', 'and', 'It', 'is', 'not', 'known', 'whether', 'it', 'is', 'safe', 'to', 'consume', 'alcohol', 'with', 'Uvaline', 'Plus', '500mg/800', 'mg', 'Tablet']","['Uvaline', 'Citicoline']"
Ulotric 60mg Tablet,Duloxetine (60mg),It is unsafe to consume alcohol with Ulotric 60mg Tablet,Ulotric 60mg Tablet contains Duloxetine (60mg) and It is unsafe to consume alcohol with Ulotric 60mg Tablet,  NEURO CN,"['Ulotric', '60', 'mg', 'Tablet', 'contains', 'Duloxetine', '(', '60', 'mg', ')', 'and', 'It', 'is', 'unsafe', 'to', 'consume', 'alcohol', 'with', 'Ulotric', '60', 'mg', 'Tablet']",['Duloxetine']
Telvanta-Trio Tablet,Telmisartan (40mg)+ Cilnidipine (10mg)+ Chlorthalidone (6.2mg),It is unsafe to consume alcohol with Telvanta-Trio Tablet,Telvanta-Trio Tablet contains Telmisartan (40mg)+ Cilnidipine (10mg)+ Chlorthalidone (6.2mg) and It is unsafe to consume alcohol with Telvanta-Trio Tablet,  CARDIA,"['Telvanta', '-', 'Trio', 'Tablet', 'contains', 'Telmisartan', '(', '40mg)+', 'Cilnidipine', '(', '10mg)+', 'Chlorthalidone', '(', '6.2', 'mg', ')', 'and', 'It', 'is', 'unsafe', 'to', 'consume', 'alcohol', 'with', 'Telvanta', '-', 'Trio', 'Tablet']","['Telmisartan', 'Cilnidipine', 'Chlorthalidone']"
Voranin 300mg Tablet SR,Progesterone (300mg),It is not known whether it is safe to consume alcohol with Voranin 300mg Tablet SR,Voranin 300mg Tablet SR contains Progesterone (300mg) and It is not known whether it is safe to consume alcohol with Voranin 300mg Tablet SR,  GYNAECOLOGICAL ,"['Voranin', '300', 'mg', 'Tablet', 'SR', 'contains', 'Progesterone', '(', '300', 'mg', ')', 'and', 'It', 'is', 'not', 'known', 'whether', 'it', 'is', 'safe', 'to', 'consume', 'alcohol', 'with', 'Voranin', '300', 'mg', 'Tablet', 'SR']","['Voranin 300', 'Progesterone']"
Sucraphar Suspension,Sucralfate (1000mg/10ml),Caution is advised when consuming alcohol with Sucraphar Suspension,Sucraphar Suspension contains Sucralfate (1000mg/10ml) and Caution is advised when consuming alcohol with Sucraphar Suspension,  GASTRO INTESTINAL ,"['Sucraphar', 'Suspension', 'contains', 'Sucralfate', '(', '1000mg/10ml', ')', 'and', 'Caution', 'is', 'advised', 'when', 'consuming', 'alcohol', 'with', 'Sucraphar', 'Suspension']",['Sucralfate']
M-Cobaren Injection,Methylcobalamin (1500mcg),It is not known whether it is safe to consume alcohol with M-Cobaren Injection,M-Cobaren Injection contains Methylcobalamin (1500mcg) and It is not known whether it is safe to consume alcohol with M-Cobaren Injection,  VITAMINS MINERALS NUTRIENT,"['M', '-', 'Cobaren', 'Injection', 'contains', 'Methylcobalamin', '(', '1500mcg', ')', 'and', 'It', 'is', 'not', 'known', 'whether', 'it', 'is', 'safe', 'to', 'consume', 'alcohol', 'with', 'M', '-', 'Cobaren', 'Injection']",[]
Varicosin Capsule,Calcium Dobesilate (500mg),It is unsafe to consume alcohol with Varicosin Capsule,Varicosin Capsule contains Calcium Dobesilate (500mg) and It is unsafe to consume alcohol with Varicosin Capsule,  CARDIAC ,"['Varicosin', 'Capsule', 'contains', 'Calcium', 'Dobesilate', '(', '500', 'mg', ')', 'and', 'It', 'is', 'unsafe', 'to', 'consume', 'alcohol', 'with', 'Varicosin', 'Capsule']",['Calcium Dobesilate']
Optra 200mg Tablet,Ofloxacin (200mg),It is unsafe to consume alcohol with Optra 200mg Tablet,Optra 200mg Tablet contains Ofloxacin (200mg) and It is unsafe to consume alcohol with Optra 200mg Tablet,  ANTI INFECTIVES ,"['Optra', '200', 'mg', 'Tablet', 'contains', 'Ofloxacin', '(', '200', 'mg', ')', 'and', 'It', 'is', 'unsafe', 'to', 'consume', 'alcohol', 'with', 'Optra', '200', 'mg', 'Tablet']",['Ofloxacin']
Topaheal 25mg Tablet,Topiramate (25mg),It is unsafe to consume alcohol with Topaheal 25mg Tablet,Topaheal 25mg Tablet contains Topiramate (25mg) and It is unsafe to consume alcohol with Topaheal 25mg Tablet,  NEURO CN,"['Topaheal', '25', 'mg', 'Tablet', 'contains', 'Topiramate', '(', '25', 'mg', ')', 'and', 'It', 'is', 'unsafe', 'to', 'consume', 'alcohol', 'with', 'Topaheal', '25', 'mg', 'Tablet']",[]
Q Met XL 500mg Tablet,Metformin (500mg),It is unsafe to consume alcohol with Q Met XL 500mg Tablet,Q Met XL 500mg Tablet contains Metformin (500mg) and It is unsafe to consume alcohol with Q Met XL 500mg Tablet,  ANTI DIABETIC ,"['Q', 'Met', 'XL', '500', 'mg', 'Tablet', 'contains', 'Metformin', '(', '500', 'mg', ')', 'and', 'It', 'is', 'unsafe', 'to', 'consume', 'alcohol', 'with', 'Q', 'Met', 'XL', '500', 'mg', 'Tablet']","['Met', 'Metformin', 'Met']"
Ucough AT Syrup,Ambroxol (15mg/5ml)+ Guaifenesin (50mg/5ml)+ Menthol (0.5mg/5ml)+ Terbutaline (1.25mg/5ml),It is not known whether it is safe to consume alcohol with Ucough AT Syrup,Ucough AT Syrup contains Ambroxol (15mg/5ml)+ Guaifenesin (50mg/5ml)+ Menthol (0.5mg/5ml)+ Terbutaline (1.25mg/5ml) and It is not known whether it is safe to consume alcohol with Ucough AT Syrup,  RESPIRATOR,"['Ucough', 'AT', 'Syrup', 'contains', 'Ambroxol', '(', '15mg/5ml)+', 'Guaifenesin', '(', '50mg/5ml)+', 'Menthol', '(', '0.5mg/5ml)+', 'Terbutaline', '(', '1.25mg/5ml', ')', 'and', 'It', 'is', 'not', 'known', 'whether', 'it', 'is', 'safe', 'to', 'consume', 'alcohol', 'with', 'Ucough', 'AT', 'Syrup']","['Ambroxol', 'Guaifenesin', 'Menthol', 'Terbutaline']"
N-Ethi 10 Tablet CR,Norethisterone (10mg),It is not known whether it is safe to consume alcohol with N-Ethi 10 Tablet CR,N-Ethi 10 Tablet CR contains Norethisterone (10mg) and It is not known whether it is safe to consume alcohol with N-Ethi 10 Tablet CR,  GYNAECOLOGICAL ,"['N', '-', 'Ethi', '10', 'Tablet', 'CR', 'contains', 'Norethisterone', '(', '10', 'mg', ')', 'and', 'It', 'is', 'not', 'known', 'whether', 'it', 'is', 'safe', 'to', 'consume', 'alcohol', 'with', 'N', '-', 'Ethi', '10', 'Tablet', 'CR']",['Norethisterone']
Polykes Eye Drop,Polyethylene Glycol (0.4% w/v)+ Propylene Glycol (0.3% w/v),"No interaction found/established,imageAltTextAlcohol,imageUrlhttps//onemg","Polykes Eye Drop contains Polyethylene Glycol (0.4% w/v)+ Propylene Glycol (0.3% w/v) and No interaction found/established,imageAltTextAlcohol,imageUrlhttps//onemg",  OPHTHA,"['Polykes', 'Eye', 'Drop', 'contains', 'Polyethylene', 'Glycol', '(', '0.4', '%', 'w', '/', 'v)+', 'Propylene', 'Glycol', '(', '0.3', '%', 'w', '/', 'v', ')', 'and', 'No', 'interaction', 'found', '/', 'established', ',', 'imageAltTextAlcohol', ',', 'imageUrlhttps//onemg']","['Polyethylene Glycol', 'Propylene Glycol', 'imageAltTextAlcohol']"
Novee-Q 30mg/5mg/325mg/5mg Tablet,Ambroxol (30mg)+ Levocetirizine (5mg)+ Paracetamol (325mg)+ Phenylephrine (5mg),It is unsafe to consume alcohol with Novee-Q 30mg/5mg/325mg/5mg Tablet,Novee-Q 30mg/5mg/325mg/5mg Tablet contains Ambroxol (30mg)+ Levocetirizine (5mg)+ Paracetamol (325mg)+ Phenylephrine (5mg) and It is unsafe to consume alcohol with Novee-Q 30mg/5mg/325mg/5mg Tablet,  RESPIRATOR,"['Novee', '-', 'Q', '30mg/5mg/325mg/5', 'mg', 'Tablet', 'contains', 'Ambroxol', '(', '30mg)+', 'Levocetirizine', '(', '5mg)+', 'Paracetamol', '(', '325mg)+', 'Phenylephrine', '(', '5', 'mg', ')', 'and', 'It', 'is', 'unsafe', 'to', 'consume', 'alcohol', 'with', 'Novee', '-', 'Q', '30mg/5mg/325mg/5', 'mg', 'Tablet']","['Novee-Q', 'Ambroxol', 'Levocetirizine', 'Paracetamol', 'Phenylephrine']"
Rabstat DSR Capsule,Domperidone (30mg)+ Rabeprazole (20mg),Caution is advised when consuming alcohol with Rabstat DSR Capsule,Rabstat DSR Capsule contains Domperidone (30mg)+ Rabeprazole (20mg) and Caution is advised when consuming alcohol with Rabstat DSR Capsule,  GASTRO INTESTINA,"['Rabstat', 'DSR', 'Capsule', 'contains', 'Domperidone', '(', '30mg)+', 'Rabeprazole', '(', '20', 'mg', ')', 'and', 'Caution', 'is', 'advised', 'when', 'consuming', 'alcohol', 'with', 'Rabstat', 'DSR', 'Capsule']","['Rabstat', 'DSR', 'Rabeprazole', 'Rabstat', 'DSR']"
Sufrecof D Syrup Sugar Free,Chlorpheniramine Maleate (5mg)+ Phenylephrine (5mg),Caution is advised when consuming alcohol with Sufrecof D Syrup Sugar Free,Sufrecof D Syrup Sugar Free contains Chlorpheniramine Maleate (5mg)+ Phenylephrine (5mg) and Caution is advised when consuming alcohol with Sufrecof D Syrup Sugar Free,  RESPIRATOR,"['Sufrecof', 'D', 'Syrup', 'Sugar', 'Free', 'contains', 'Chlorpheniramine', 'Maleate', '(', '5mg)+', 'Phenylephrine', '(', '5', 'mg', ')', 'and', 'Caution', 'is', 'advised', 'when', 'consuming', 'alcohol', 'with', 'Sufrecof', 'D', 'Syrup', 'Sugar', 'Free']","['Sugar', 'Chlorpheniramine Maleate', 'Phenylephrine', 'Sugar']"
Udcoliv 300 Tablet,Ursodeoxycholic Acid (300mg),Udcoliv 300 Tablet may cause excessive drowsiness with alcohol,Udcoliv 300 Tablet contains Ursodeoxycholic Acid (300mg) and Udcoliv 300 Tablet may cause excessive drowsiness with alcohol,  GASTRO INTESTINAL ,"['Udcoliv', '300', 'Tablet', 'contains', 'Ursodeoxycholic', 'Acid', '(', '300', 'mg', ')', 'and', 'Udcoliv', '300', 'Tablet', 'may', 'cause', 'excessive', 'drowsiness', 'with', 'alcohol']",['Ursodeoxycholic Acid']
Xeed Tablet,Isoniazid (75mg)+ Rifampicin (150mg)+ Ethambutol (275mg)+ Pyrazinamide (400mg),"Consuming alcohol while taking Xeed Tablet may cause symptoms such as flushing, increased heart beat, nausea, thirst, chest pain and low blood pressure (Disulfiram reaction)","Xeed Tablet contains Isoniazid (75mg)+ Rifampicin (150mg)+ Ethambutol (275mg)+ Pyrazinamide (400mg) and Consuming alcohol while taking Xeed Tablet may cause symptoms such as flushing, increased heart beat, nausea, thirst, chest pain and low blood pressure (Disulfiram reaction)",  ANTI INFECTIVE,"['Xeed', 'Tablet', 'contains', 'Isoniazid', '(', '75mg)+', 'Rifampicin', '(', '150mg)+', 'Ethambutol', '(', '275mg)+', 'Pyrazinamide', '(', '400', 'mg', ')', 'and', 'Consuming', 'alcohol', 'while', 'taking', 'Xeed', 'Tablet', 'may', 'cause', 'symptoms', 'such', 'as', 'flushing', ',', 'increased', 'heart', 'beat', ',', 'nausea', ',', 'thirst', ',', 'chest', 'pain', 'and', 'low', 'blood', 'pressure', '(', 'Disulfiram', 'reaction', ')']","['Isoniazid', '75mg)', 'Rifampicin', 'Ethambutol', 'Pyrazinamide']"
Tel-Cad 20 Tablet,Telmisartan (20mg),It is unsafe to consume alcohol with Tel-Cad 20 Tablet,Tel-Cad 20 Tablet contains Telmisartan (20mg) and It is unsafe to consume alcohol with Tel-Cad 20 Tablet,  CARDIA,"['Tel', '-', 'Cad', '20', 'Tablet', 'contains', 'Telmisartan', '(', '20', 'mg', ')', 'and', 'It', 'is', 'unsafe', 'to', 'consume', 'alcohol', 'with', 'Tel', '-', 'Cad', '20', 'Tablet']",['Telmisartan']
Omniflam AQ 150mg Injection,Aceclofenac (150mg),Caution is advised when consuming alcohol with Omniflam AQ 150mg Injection,Omniflam AQ 150mg Injection contains Aceclofenac (150mg) and Caution is advised when consuming alcohol with Omniflam AQ 150mg Injection,  PAIN ANALGESICS ,"['Omniflam', 'AQ', '150', 'mg', 'Injection', 'contains', 'Aceclofenac', '(', '150', 'mg', ')', 'and', 'Caution', 'is', 'advised', 'when', 'consuming', 'alcohol', 'with', 'Omniflam', 'AQ', '150', 'mg', 'Injection']","['Omniflam', 'Omniflam']"
Spinopred 4mg Tablet,Methylprednisolone (4mg),It is unsafe to consume alcohol with Spinopred 4mg Tablet,Spinopred 4mg Tablet contains Methylprednisolone (4mg) and It is unsafe to consume alcohol with Spinopred 4mg Tablet,  HORMONES ,"['Spinopred', '4', 'mg', 'Tablet', 'contains', 'Methylprednisolone', '(', '4', 'mg', ')', 'and', 'It', 'is', 'unsafe', 'to', 'consume', 'alcohol', 'with', 'Spinopred', '4', 'mg', 'Tablet']",['Methylprednisolone']
Qucef 100mg Tablet DT,Cefixime (100mg),Consuming alcohol with Qucef 100mg Tablet DT does not cause any harmful side effects,Qucef 100mg Tablet DT contains Cefixime (100mg) and Consuming alcohol with Qucef 100mg Tablet DT does not cause any harmful side effects,  ANTI INFECTIVES ,"['Qucef', '100', 'mg', 'Tablet', 'DT', 'contains', 'Cefixime', '(', '100', 'mg', ')', 'and', 'Consuming', 'alcohol', 'with', 'Qucef', '100', 'mg', 'Tablet', 'DT', 'does', 'not', 'cause', 'any', 'harmful', 'side', 'effects']",['Cefixime']
Nicoflam 75mg Injection,Diclofenac (75mg),Caution is advised when consuming alcohol with Nicoflam 75mg Injection,Nicoflam 75mg Injection contains Diclofenac (75mg) and Caution is advised when consuming alcohol with Nicoflam 75mg Injection,  PAIN ANALGESICS ,"['Nicoflam', '75', 'mg', 'Injection', 'contains', 'Diclofenac', '(', '75', 'mg', ')', 'and', 'Caution', 'is', 'advised', 'when', 'consuming', 'alcohol', 'with', 'Nicoflam', '75', 'mg', 'Injection']","['Nicoflam', 'Diclofenac', 'Nicoflam']"
Restopax 25mg Tablet,Clozapine (25mg),It is unsafe to consume alcohol with Restopax 25mg Tablet,Restopax 25mg Tablet contains Clozapine (25mg) and It is unsafe to consume alcohol with Restopax 25mg Tablet,  NEURO CN,"['Restopax', '25', 'mg', 'Tablet', 'contains', 'Clozapine', '(', '25', 'mg', ')', 'and', 'It', 'is', 'unsafe', 'to', 'consume', 'alcohol', 'with', 'Restopax', '25', 'mg', 'Tablet']",['Clozapine']
Sodafix-EC DS Tablet,Sodium Bicarbonate (1000mg),It is unsafe to consume alcohol with Sodafix-EC DS Tablet,Sodafix-EC DS Tablet contains Sodium Bicarbonate (1000mg) and It is unsafe to consume alcohol with Sodafix-EC DS Tablet,  GASTRO INTESTINAL ,"['Sodafix', '-', 'EC', 'DS', 'Tablet', 'contains', 'Sodium', 'Bicarbonate', '(', '1000', 'mg', ')', 'and', 'It', 'is', 'unsafe', 'to', 'consume', 'alcohol', 'with', 'Sodafix', '-', 'EC', 'DS', 'Tablet']",['Sodium Bicarbonate']
Rabitis LS 75mg/20mg Capsule SR,Levosulpiride (75mg)+ Rabeprazole (20mg),It is unsafe to consume alcohol with Rabitis LS 75mg/20mg Capsule SR,Rabitis LS 75mg/20mg Capsule SR contains Levosulpiride (75mg)+ Rabeprazole (20mg) and It is unsafe to consume alcohol with Rabitis LS 75mg/20mg Capsule SR,  GASTRO INTESTINA,"['Rabitis', 'LS', '75mg/20', 'mg', 'Capsule', 'SR', 'contains', 'Levosulpiride', '(', '75mg)+', 'Rabeprazole', '(', '20', 'mg', ')', 'and', 'It', 'is', 'unsafe', 'to', 'consume', 'alcohol', 'with', 'Rabitis', 'LS', '75mg/20', 'mg', 'Capsule', 'SR']","['Levosulpiride', '75mg)', 'Rabeprazole']"
Rubizol-L Capsule,Levosulpiride (75mg)+ Rabeprazole (20mg),It is unsafe to consume alcohol with Rubizol-L Capsule,Rubizol-L Capsule contains Levosulpiride (75mg)+ Rabeprazole (20mg) and It is unsafe to consume alcohol with Rubizol-L Capsule,  GASTRO INTESTINA,"['Rubizol', '-', 'L', 'Capsule', 'contains', 'Levosulpiride', '(', '75mg)+', 'Rabeprazole', '(', '20', 'mg', ')', 'and', 'It', 'is', 'unsafe', 'to', 'consume', 'alcohol', 'with', 'Rubizol', '-', 'L', 'Capsule']","['Levosulpiride', '75mg)', 'Rabeprazole']"
Mericef 100mg Tablet,Cefixime (100mg),Consuming alcohol with Mericef 100mg Tablet does not cause any harmful side effects,Mericef 100mg Tablet contains Cefixime (100mg) and Consuming alcohol with Mericef 100mg Tablet does not cause any harmful side effects,  ANTI INFECTIVES ,"['Mericef', '100', 'mg', 'Tablet', 'contains', 'Cefixime', '(', '100', 'mg', ')', 'and', 'Consuming', 'alcohol', 'with', 'Mericef', '100', 'mg', 'Tablet', 'does', 'not', 'cause', 'any', 'harmful', 'side', 'effects']",['Cefixime']
Quel SR 200 Tablet,Quetiapine (200mg),It is unsafe to consume alcohol with Quel SR 200 Tablet,Quel SR 200 Tablet contains Quetiapine (200mg) and It is unsafe to consume alcohol with Quel SR 200 Tablet,  NEURO CN,"['Quel', 'SR', '200', 'Tablet', 'contains', 'Quetiapine', '(', '200', 'mg', ')', 'and', 'It', 'is', 'unsafe', 'to', 'consume', 'alcohol', 'with', 'Quel', 'SR', '200', 'Tablet']",['Quetiapine']
Tetan-AM Tablet,Telmisartan (40mg)+ Amlodipine (5mg),It is unsafe to consume alcohol with Tetan-AM Tablet,Tetan-AM Tablet contains Telmisartan (40mg)+ Amlodipine (5mg) and It is unsafe to consume alcohol with Tetan-AM Tablet,  CARDIA,"['Tetan', '-', 'AM', 'Tablet', 'contains', 'Telmisartan', '(', '40mg)+', 'Amlodipine', '(', '5', 'mg', ')', 'and', 'It', 'is', 'unsafe', 'to', 'consume', 'alcohol', 'with', 'Tetan', '-', 'AM', 'Tablet']","['Telmisartan', 'Amlodipine']"
Methysoft Forte 1500mcg/75mg Tablet,Methylcobalamin (1500mcg)+ Pregabalin (75mg),Methysoft Forte 1500mcg/75mg Tablet may cause excessive drowsiness with alcohol,Methysoft Forte 1500mcg/75mg Tablet contains Methylcobalamin (1500mcg)+ Pregabalin (75mg) and Methysoft Forte 1500mcg/75mg Tablet may cause excessive drowsiness with alcohol,  NEURO CN,"['Methysoft', 'Forte', '1500mcg/75', 'mg', 'Tablet', 'contains', 'Methylcobalamin', '(', '1500mcg)+', 'Pregabalin', '(', '75', 'mg', ')', 'and', 'Methysoft', 'Forte', '1500mcg/75', 'mg', 'Tablet', 'may', 'cause', 'excessive', 'drowsiness', 'with', 'alcohol']",['Pregabalin']
Oflosan-Ord Tablet,Ofloxacin (200mg)+ Ornidazole (500mg),It is unsafe to consume alcohol with Oflosan-Ord Tablet,Oflosan-Ord Tablet contains Ofloxacin (200mg)+ Ornidazole (500mg) and It is unsafe to consume alcohol with Oflosan-Ord Tablet,  GASTRO INTESTINA,"['Oflosan', '-', 'Ord', 'Tablet', 'contains', 'Ofloxacin', '(', '200mg)+', 'Ornidazole', '(', '500', 'mg', ')', 'and', 'It', 'is', 'unsafe', 'to', 'consume', 'alcohol', 'with', 'Oflosan', '-', 'Ord', 'Tablet']","['Ofloxacin', 'Ornidazole']"
Vilderm CT Cream,Ciprofloxacin (1.0% w/w)+ Metronidazole (1.0% w/w)+ Terbinafine (1.0% w/w)+ Clobetasol (0.05% w/w),"No interaction found/established,imageAltTextAlcohol,imageUrlhttps//onemg","Vilderm CT Cream contains Ciprofloxacin (1.0% w/w)+ Metronidazole (1.0% w/w)+ Terbinafine (1.0% w/w)+ Clobetasol (0.05% w/w) and No interaction found/established,imageAltTextAlcohol,imageUrlhttps//onemg",  DERM,"['Vilderm', 'CT', 'Cream', 'contains', 'Ciprofloxacin', '(', '1.0', '%', 'w', '/', 'w)+', 'Metronidazole', '(', '1.0', '%', 'w', '/', 'w)+', 'Terbinafine', '(', '1.0', '%', 'w', '/', 'w)+', 'Clobetasol', '(', '0.05', '%', 'w', '/', 'w', ')', 'and', 'No', 'interaction', 'found', '/', 'established', ',', 'imageAltTextAlcohol', ',', 'imageUrlhttps//onemg']","['Ciprofloxacin', 'Metronidazole', 'Terbinafine', 'imageAltTextAlcohol']"
Monomac 250 mg/125 mg Injection,Ceftriaxone (250mg)+ Sulbactam (125mg),Consuming alcohol with Monomac 250 mg/125 mg Injection does not cause any harmful side effects,Monomac 250 mg/125 mg Injection contains Ceftriaxone (250mg)+ Sulbactam (125mg) and Consuming alcohol with Monomac 250 mg/125 mg Injection does not cause any harmful side effects,  ANTI INFECTIVE,"['Monomac', '250', 'mg/125', 'mg', 'Injection', 'contains', 'Ceftriaxone', '(', '250mg)+', 'Sulbactam', '(', '125', 'mg', ')', 'and', 'Consuming', 'alcohol', 'with', 'Monomac', '250', 'mg/125', 'mg', 'Injection', 'does', 'not', 'cause', 'any', 'harmful', 'side', 'effects']","['Ceftriaxone', '250mg)', 'Sulbactam']"
Sanomet GP 1mg/500mg/15mg Tablet,Glimepiride (1mg)+ Metformin (500mg)+ Pioglitazone (15mg),It is unsafe to consume alcohol with Sanomet GP 1mg/500mg/15mg Tablet,Sanomet GP 1mg/500mg/15mg Tablet contains Glimepiride (1mg)+ Metformin (500mg)+ Pioglitazone (15mg) and It is unsafe to consume alcohol with Sanomet GP 1mg/500mg/15mg Tablet,  ANTI DIABETI,"['Sanomet', 'GP', '1mg/500mg/15', 'mg', 'Tablet', 'contains', 'Glimepiride', '(', '1mg)+', 'Metformin', '(', '500mg)+', 'Pioglitazone', '(', '15', 'mg', ')', 'and', 'It', 'is', 'unsafe', 'to', 'consume', 'alcohol', 'with', 'Sanomet', 'GP', '1mg/500mg/15', 'mg', 'Tablet']","['Glimepiride', 'Metformin', 'Pioglitazone']"
PV 6 100mg Tablet,Clotrimazole (100mg),It is not known whether it is safe to consume alcohol with PV 6 100mg Tablet,PV 6 100mg Tablet contains Clotrimazole (100mg) and It is not known whether it is safe to consume alcohol with PV 6 100mg Tablet,  ANTI INFECTIVES ,"['PV', '6', '100', 'mg', 'Tablet', 'contains', 'Clotrimazole', '(', '100', 'mg', ')', 'and', 'It', 'is', 'not', 'known', 'whether', 'it', 'is', 'safe', 'to', 'consume', 'alcohol', 'with', 'PV', '6', '100', 'mg', 'Tablet']",['Clotrimazole']
Nurox Injection,Iron Sucrose (500mg),It is unsafe to consume alcohol with Nurox Injection,Nurox Injection contains Iron Sucrose (500mg) and It is unsafe to consume alcohol with Nurox Injection,  GYNAECOLOGICAL ,"['Nurox', 'Injection', 'contains', 'Iron', 'Sucrose', '(', '500', 'mg', ')', 'and', 'It', 'is', 'unsafe', 'to', 'consume', 'alcohol', 'with', 'Nurox', 'Injection']",['Iron Sucrose']
Pacimol 1000mg Tablet,Paracetamol (1000mg),It is unsafe to consume alcohol with Pacimol 1000mg Tablet,Pacimol 1000mg Tablet contains Paracetamol (1000mg) and It is unsafe to consume alcohol with Pacimol 1000mg Tablet,  PAIN ANALGESIC,"['Pacimol', '1000', 'mg', 'Tablet', 'contains', 'Paracetamol', '(', '1000', 'mg', ')', 'and', 'It', 'is', 'unsafe', 'to', 'consume', 'alcohol', 'with', 'Pacimol', '1000', 'mg', 'Tablet']",['Paracetamol']
Myotan 40 Tablet,Azilsartan medoxomil (40mg),Myotan 40 Tablet may cause excessive drowsiness with alcohol,Myotan 40 Tablet contains Azilsartan medoxomil (40mg) and Myotan 40 Tablet may cause excessive drowsiness with alcohol,  CARDIAC ,"['Myotan', '40', 'Tablet', 'contains', 'Azilsartan', 'medoxomil', '(', '40', 'mg', ')', 'and', 'Myotan', '40', 'Tablet', 'may', 'cause', 'excessive', 'drowsiness', 'with', 'alcohol']","['Myotan', 'Azilsartan medoxomil']"
Waxoban Ear Drop,Benzocaine (2.7% w/v)+ Chlorbutol (5% w/v)+ Paradichlorobenzene (2% w/v)+ Turpentine Oil (15% w/v),"No interaction found/established,imageAltTextAlcohol,imageUrlhttps//onemg","Waxoban Ear Drop contains Benzocaine (2.7% w/v)+ Chlorbutol (5% w/v)+ Paradichlorobenzene (2% w/v)+ Turpentine Oil (15% w/v) and No interaction found/established,imageAltTextAlcohol,imageUrlhttps//onemg",  OTOLOGICAL,"['Waxoban', 'Ear', 'Drop', 'contains', 'Benzocaine', '(', '2.7', '%', 'w', '/', 'v)+', 'Chlorbutol', '(', '5', '%', 'w', '/', 'v)+', 'Paradichlorobenzene', '(', '2', '%', 'w', '/', 'v)+', 'Turpentine', 'Oil', '(', '15', '%', 'w', '/', 'v', ')', 'and', 'No', 'interaction', 'found', '/', 'established', ',', 'imageAltTextAlcohol', ',', 'imageUrlhttps//onemg']","['Benzocaine', 'Chlorbutol', 'Paradichlorobenzene', 'imageAltTextAlcohol']"
Ursodeep 300mg Tablet,Ursodeoxycholic Acid (300mg),Ursodeep 300mg Tablet may cause excessive drowsiness with alcohol,Ursodeep 300mg Tablet contains Ursodeoxycholic Acid (300mg) and Ursodeep 300mg Tablet may cause excessive drowsiness with alcohol,  GASTRO INTESTINAL ,"['Ursodeep', '300', 'mg', 'Tablet', 'contains', 'Ursodeoxycholic', 'Acid', '(', '300', 'mg', ')', 'and', 'Ursodeep', '300', 'mg', 'Tablet', 'may', 'cause', 'excessive', 'drowsiness', 'with', 'alcohol']",['Ursodeoxycholic Acid']
Motif Forte Tablet,Aceclofenac (100mg)+ Paracetamol (325mg),It is unsafe to consume alcohol with Motif Forte Tablet,Motif Forte Tablet contains Aceclofenac (100mg)+ Paracetamol (325mg) and It is unsafe to consume alcohol with Motif Forte Tablet,  PAIN ANALGESIC,"['Motif', 'Forte', 'Tablet', 'contains', 'Aceclofenac', '(', '100mg)+', 'Paracetamol', '(', '325', 'mg', ')', 'and', 'It', 'is', 'unsafe', 'to', 'consume', 'alcohol', 'with', 'Motif', 'Forte', 'Tablet']",['Paracetamol']
Podo 50mg Tablet,Cefpodoxime Proxetil (50mg),,,  ANTI INFECTIVES ,['nan'],[]
Triponac 90mg/48mg/100mg Tablet,Bromelain (90mg)+ Trypsin (48mg)+ Rutoside (100mg),It is not known whether it is safe to consume alcohol with Triponac 90mg/48mg/100mg Tablet,Triponac 90mg/48mg/100mg Tablet contains Bromelain (90mg)+ Trypsin (48mg)+ Rutoside (100mg) and It is not known whether it is safe to consume alcohol with Triponac 90mg/48mg/100mg Tablet,  PAIN ANALGESIC,"['Triponac', '90mg/48mg/100', 'mg', 'Tablet', 'contains', 'Bromelain', '(', '90mg)+', 'Trypsin', '(', '48mg)+', 'Rutoside', '(', '100', 'mg', ')', 'and', 'It', 'is', 'not', 'known', 'whether', 'it', 'is', 'safe', 'to', 'consume', 'alcohol', 'with', 'Triponac', '90mg/48mg/100', 'mg', 'Tablet']","['(48mg)', 'Rutoside']"
Thaiclo 100mg/4mg Tablet,Aceclofenac (100mg)+ Thiocolchicoside (4mg),It is unsafe to consume alcohol with Thaiclo 100mg/4mg Tablet,Thaiclo 100mg/4mg Tablet contains Aceclofenac (100mg)+ Thiocolchicoside (4mg) and It is unsafe to consume alcohol with Thaiclo 100mg/4mg Tablet,  PAIN ANALGESIC,"['Thaiclo', '100mg/4', 'mg', 'Tablet', 'contains', 'Aceclofenac', '(', '100mg)+', 'Thiocolchicoside', '(', '4', 'mg', ')', 'and', 'It', 'is', 'unsafe', 'to', 'consume', 'alcohol', 'with', 'Thaiclo', '100mg/4', 'mg', 'Tablet']",['Thiocolchicoside']
Qsita M 50mg/500mg Tablet SR,Sitagliptin  (50mg)+  Metformin (500mg),It is unsafe to consume alcohol with Qsita M 50mg/500mg Tablet SR,Qsita M 50mg/500mg Tablet SR contains Sitagliptin  (50mg)+  Metformin (500mg) and It is unsafe to consume alcohol with Qsita M 50mg/500mg Tablet SR,  ANTI DIABETI,"['Qsita', 'M', '50mg/500', 'mg', 'Tablet', 'SR', 'contains', 'Sitagliptin', ' ', '(', '50mg)+', ' ', 'Metformin', '(', '500', 'mg', ')', 'and', 'It', 'is', 'unsafe', 'to', 'consume', 'alcohol', 'with', 'Qsita', 'M', '50mg/500', 'mg', 'Tablet', 'SR']","['Sitagliptin', '50mg)', 'Metformin']"
Sahwas 100 Tablet,Sildenafil (100mg),It is unsafe to consume alcohol with Sahwas 100 Tablet,Sahwas 100 Tablet contains Sildenafil (100mg) and It is unsafe to consume alcohol with Sahwas 100 Tablet,  SEX STIMULANTS REJUVENATORS ,"['Sahwas', '100', 'Tablet', 'contains', 'Sildenafil', '(', '100', 'mg', ')', 'and', 'It', 'is', 'unsafe', 'to', 'consume', 'alcohol', 'with', 'Sahwas', '100', 'Tablet']","['Sahwas 100', 'Sildenafil']"
Medidol-SP Tablet,Diclofenac (50mg)+ Paracetamol (325mg)+ Serratiopeptidase (15mg),It is unsafe to consume alcohol with Medidol-SP Tablet,Medidol-SP Tablet contains Diclofenac (50mg)+ Paracetamol (325mg)+ Serratiopeptidase (15mg) and It is unsafe to consume alcohol with Medidol-SP Tablet,  PAIN ANALGESIC,"['Medidol', '-', 'SP', 'Tablet', 'contains', 'Diclofenac', '(', '50mg)+', 'Paracetamol', '(', '325mg)+', 'Serratiopeptidase', '(', '15', 'mg', ')', 'and', 'It', 'is', 'unsafe', 'to', 'consume', 'alcohol', 'with', 'Medidol', '-', 'SP', 'Tablet']","['Medidol', 'Diclofenac', 'Paracetamol']"
Sevgia 800mg Tablet,Sevelamer (800mg),It is not known whether it is safe to consume alcohol with Sevgia 800mg Tablet,Sevgia 800mg Tablet contains Sevelamer (800mg) and It is not known whether it is safe to consume alcohol with Sevgia 800mg Tablet,  BLOOD RELATE,"['Sevgia', '800', 'mg', 'Tablet', 'contains', 'Sevelamer', '(', '800', 'mg', ')', 'and', 'It', 'is', 'not', 'known', 'whether', 'it', 'is', 'safe', 'to', 'consume', 'alcohol', 'with', 'Sevgia', '800', 'mg', 'Tablet']",['Sevelamer']
Meva SR Capsule,Mebeverine (200mg),Consuming alcohol with Meva SR Capsule does not cause any harmful side effects,Meva SR Capsule contains Mebeverine (200mg) and Consuming alcohol with Meva SR Capsule does not cause any harmful side effects,  GASTRO INTESTINAL ,"['Meva', 'SR', 'Capsule', 'contains', 'Mebeverine', '(', '200', 'mg', ')', 'and', 'Consuming', 'alcohol', 'with', 'Meva', 'SR', 'Capsule', 'does', 'not', 'cause', 'any', 'harmful', 'side', 'effects']",['Mebeverine']
Vormijem Plus 6mg/400mg Tablet,Ivermectin  (6mg)+  Albendazole (400mg),Vormijem Plus 6mg/400mg Tablet may cause excessive drowsiness with alcohol,Vormijem Plus 6mg/400mg Tablet contains Ivermectin  (6mg)+  Albendazole (400mg) and Vormijem Plus 6mg/400mg Tablet may cause excessive drowsiness with alcohol,  ANTI INFECTIVE,"['Vormijem', 'Plus', '6mg/400', 'mg', 'Tablet', 'contains', 'Ivermectin', ' ', '(', '6mg)+', ' ', 'Albendazole', '(', '400', 'mg', ')', 'and', 'Vormijem', 'Plus', '6mg/400', 'mg', 'Tablet', 'may', 'cause', 'excessive', 'drowsiness', 'with', 'alcohol']","['Ivermectin', '(6mg)', 'Albendazole']"
Ovafem Plus Tablet,Dehydroepiandrosterone (Micronized) (75mg)+ Coenzyme Q10 (75mg),It is not known whether it is safe to consume alcohol with Ovafem Plus Tablet,Ovafem Plus Tablet contains Dehydroepiandrosterone (Micronized) (75mg)+ Coenzyme Q10 (75mg) and It is not known whether it is safe to consume alcohol with Ovafem Plus Tablet,  GYNAECOLOGICA,"['Ovafem', 'Plus', 'Tablet', 'contains', 'Dehydroepiandrosterone', '(', 'Micronized', ')', '(', '75mg)+', 'Coenzyme', 'Q10', '(', '75', 'mg', ')', 'and', 'It', 'is', 'not', 'known', 'whether', 'it', 'is', 'safe', 'to', 'consume', 'alcohol', 'with', 'Ovafem', 'Plus', 'Tablet']","['(75mg)', 'Coenzyme Q10']"
T-Val CR 500 Tablet,Sodium Valproate (333mg)+ Valproic Acid (145mg),It is unsafe to consume alcohol with T-Val CR 500 Tablet,T-Val CR 500 Tablet contains Sodium Valproate (333mg)+ Valproic Acid (145mg) and It is unsafe to consume alcohol with T-Val CR 500 Tablet,  NEURO CN,"['T', '-', 'Val', 'CR', '500', 'Tablet', 'contains', 'Sodium', 'Valproate', '(', '333mg)+', 'Valproic', 'Acid', '(', '145', 'mg', ')', 'and', 'It', 'is', 'unsafe', 'to', 'consume', 'alcohol', 'with', 'T', '-', 'Val', 'CR', '500', 'Tablet']","['T-Val', 'Sodium Valproate', 'Valproic Acid', 'T-Val']"
Parawell 650 Tablet,Paracetamol (650mg),It is unsafe to consume alcohol with Parawell 650 Tablet,Parawell 650 Tablet contains Paracetamol (650mg) and It is unsafe to consume alcohol with Parawell 650 Tablet,  PAIN ANALGESIC,"['Parawell', '650', 'Tablet', 'contains', 'Paracetamol', '(', '650', 'mg', ')', 'and', 'It', 'is', 'unsafe', 'to', 'consume', 'alcohol', 'with', 'Parawell', '650', 'Tablet']",['Paracetamol']
Rabiprez 20mg Tablet,Rabeprazole (20mg),Caution is advised when consuming alcohol with Rabiprez 20mg Tablet,Rabiprez 20mg Tablet contains Rabeprazole (20mg) and Caution is advised when consuming alcohol with Rabiprez 20mg Tablet,  GASTRO INTESTINAL ,"['Rabiprez', '20', 'mg', 'Tablet', 'contains', 'Rabeprazole', '(', '20', 'mg', ')', 'and', 'Caution', 'is', 'advised', 'when', 'consuming', 'alcohol', 'with', 'Rabiprez', '20', 'mg', 'Tablet']",['Rabeprazole']
Telmiprime H 40mg/12.5mg Tablet,Telmisartan (40mg)+ Hydrochlorothiazide (12.5mg),It is not known whether it is safe to consume alcohol with Telmiprime H 40mg/12,Telmiprime H 40mg/12.5mg Tablet contains Telmisartan (40mg)+ Hydrochlorothiazide (12.5mg) and It is not known whether it is safe to consume alcohol with Telmiprime H 40mg/12,  CARDIA,"['Telmiprime', 'H', '40mg/12.5', 'mg', 'Tablet', 'contains', 'Telmisartan', '(', '40mg)+', 'Hydrochlorothiazide', '(', '12.5', 'mg', ')', 'and', 'It', 'is', 'not', 'known', 'whether', 'it', 'is', 'safe', 'to', 'consume', 'alcohol', 'with', 'Telmiprime', 'H', '40mg/12']","['H', 'Telmisartan', 'H']"
Usibon 300 Tablet,Ursodeoxycholic Acid (300mg),Usibon 300 Tablet may cause excessive drowsiness with alcohol,Usibon 300 Tablet contains Ursodeoxycholic Acid (300mg) and Usibon 300 Tablet may cause excessive drowsiness with alcohol,  GASTRO INTESTINAL ,"['Usibon', '300', 'Tablet', 'contains', 'Ursodeoxycholic', 'Acid', '(', '300', 'mg', ')', 'and', 'Usibon', '300', 'Tablet', 'may', 'cause', 'excessive', 'drowsiness', 'with', 'alcohol']","['Usibon', 'Ursodeoxycholic Acid', 'Usibon']"
Ppson-D Capsule,Domperidone (10mg)+ Pantoprazole (20mg),Caution is advised when consuming alcohol with Ppson-D Capsule,Ppson-D Capsule contains Domperidone (10mg)+ Pantoprazole (20mg) and Caution is advised when consuming alcohol with Ppson-D Capsule,  GASTRO INTESTINA,"['Ppson', '-', 'D', 'Capsule', 'contains', 'Domperidone', '(', '10mg)+', 'Pantoprazole', '(', '20', 'mg', ')', 'and', 'Caution', 'is', 'advised', 'when', 'consuming', 'alcohol', 'with', 'Ppson', '-', 'D', 'Capsule']",['Pantoprazole']
Sarpec-D Syrup,Phenylephrine (5mg/5ml)+ Chlorpheniramine Maleate (2mg/5ml)+ Dextromethorphan Hydrobromide (10mg/5ml),Caution is advised when consuming alcohol with Sarpec-D Syrup,Sarpec-D Syrup contains Phenylephrine (5mg/5ml)+ Chlorpheniramine Maleate (2mg/5ml)+ Dextromethorphan Hydrobromide (10mg/5ml) and Caution is advised when consuming alcohol with Sarpec-D Syrup,  RESPIRATOR,"['Sarpec', '-', 'D', 'Syrup', 'contains', 'Phenylephrine', '(', '5mg/5ml)+', 'Chlorpheniramine', 'Maleate', '(', '2mg/5ml)+', 'Dextromethorphan', 'Hydrobromide', '(', '10mg/5ml', ')', 'and', 'Caution', 'is', 'advised', 'when', 'consuming', 'alcohol', 'with', 'Sarpec', '-', 'D', 'Syrup']","['Phenylephrine', 'Chlorpheniramine Maleate', 'Hydrobromide']"
Stafocid 1G Injection,Flucloxacillin Sodium (1000mg),It is not known whether it is safe to consume alcohol with Stafocid 1G Injection,Stafocid 1G Injection contains Flucloxacillin Sodium (1000mg) and It is not known whether it is safe to consume alcohol with Stafocid 1G Injection,  ANTI INFECTIVES ,"['Stafocid', '1', 'G', 'Injection', 'contains', 'Flucloxacillin', 'Sodium', '(', '1000', 'mg', ')', 'and', 'It', 'is', 'not', 'known', 'whether', 'it', 'is', 'safe', 'to', 'consume', 'alcohol', 'with', 'Stafocid', '1', 'G', 'Injection']",['Flucloxacillin Sodium']
Multiprox-ER 500 Tablet,Divalproex (500mg),Multiprox-ER 500 Tablet may cause excessive drowsiness with alcohol,Multiprox-ER 500 Tablet contains Divalproex (500mg) and Multiprox-ER 500 Tablet may cause excessive drowsiness with alcohol,  NEURO CNS ,"['Multiprox', '-', 'ER', '500', 'Tablet', 'contains', 'Divalproex', '(', '500', 'mg', ')', 'and', 'Multiprox', '-', 'ER', '500', 'Tablet', 'may', 'cause', 'excessive', 'drowsiness', 'with', 'alcohol']",[]
Tobravis Eye Drop,Tobramycin (0.3% w/v),"No interaction found/established,imageAltTextAlcohol,imageUrlhttps//onemg","Tobravis Eye Drop contains Tobramycin (0.3% w/v) and No interaction found/established,imageAltTextAlcohol,imageUrlhttps//onemg",  OPHTHAL OTOLOGICAL,"['Tobravis', 'Eye', 'Drop', 'contains', 'Tobramycin', '(', '0.3', '%', 'w', '/', 'v', ')', 'and', 'No', 'interaction', 'found', '/', 'established', ',', 'imageAltTextAlcohol', ',', 'imageUrlhttps//onemg']","['Tobramycin', 'imageAltTextAlcohol']"
Tolpidol OD 150mg Tablet,Tolperisone (150mg),Consuming alcohol with Tolpidol OD 150mg Tablet does not cause any harmful side effects,Tolpidol OD 150mg Tablet contains Tolperisone (150mg) and Consuming alcohol with Tolpidol OD 150mg Tablet does not cause any harmful side effects,  PAIN ANALGESICS ,"['Tolpidol', 'OD', '150', 'mg', 'Tablet', 'contains', 'Tolperisone', '(', '150', 'mg', ')', 'and', 'Consuming', 'alcohol', 'with', 'Tolpidol', 'OD', '150', 'mg', 'Tablet', 'does', 'not', 'cause', 'any', 'harmful', 'side', 'effects']","['Tolpidol OD', 'Tolperisone', 'Tolpidol OD']"
Pga M 1500mcg/75mg Tablet,Methylcobalamin (1500mcg)+ Pregabalin (75mg),Pga M 1500mcg/75mg Tablet may cause excessive drowsiness with alcohol,Pga M 1500mcg/75mg Tablet contains Methylcobalamin (1500mcg)+ Pregabalin (75mg) and Pga M 1500mcg/75mg Tablet may cause excessive drowsiness with alcohol,  NEURO CN,"['Pga', 'M', '1500mcg/75', 'mg', 'Tablet', 'contains', 'Methylcobalamin', '(', '1500mcg)+', 'Pregabalin', '(', '75', 'mg', ')', 'and', 'Pga', 'M', '1500mcg/75', 'mg', 'Tablet', 'may', 'cause', 'excessive', 'drowsiness', 'with', 'alcohol']",['Pregabalin']
Roliten OD 4mg Capsule ER,Tolterodine (4mg),Roliten OD 4mg Capsule ER may cause excessive drowsiness with alcohol,Roliten OD 4mg Capsule ER contains Tolterodine (4mg) and Roliten OD 4mg Capsule ER may cause excessive drowsiness with alcohol,  UROLOGY ,"['Roliten', 'OD', '4', 'mg', 'Capsule', 'ER', 'contains', 'Tolterodine', '(', '4', 'mg', ')', 'and', 'Roliten', 'OD', '4', 'mg', 'Capsule', 'ER', 'may', 'cause', 'excessive', 'drowsiness', 'with', 'alcohol']","['OD', 'Tolterodine', 'OD']"
Pneumosil Vaccine,Pneumococcal Polysaccharide Conjugate Vaccine (NA),It is not known whether it is safe to consume alcohol with Pneumosil Vaccine,Pneumosil Vaccine contains Pneumococcal Polysaccharide Conjugate Vaccine (NA) and It is not known whether it is safe to consume alcohol with Pneumosil Vaccine,  VACCINES ,"['Pneumosil', 'Vaccine', 'contains', 'Pneumococcal', 'Polysaccharide', 'Conjugate', 'Vaccine', '(', 'NA', ')', 'and', 'It', 'is', 'not', 'known', 'whether', 'it', 'is', 'safe', 'to', 'consume', 'alcohol', 'with', 'Pneumosil', 'Vaccine']",[]
Vomo 2mg Oral Drops,Ondansetron (2mg),Consuming alcohol with Vomo 2mg Oral Drops does not cause any harmful side effects,Vomo 2mg Oral Drops contains Ondansetron (2mg) and Consuming alcohol with Vomo 2mg Oral Drops does not cause any harmful side effects,  GASTRO INTESTINAL ,"['Vomo', '2', 'mg', 'Oral', 'Drops', 'contains', 'Ondansetron', '(', '2', 'mg', ')', 'and', 'Consuming', 'alcohol', 'with', 'Vomo', '2', 'mg', 'Oral', 'Drops', 'does', 'not', 'cause', 'any', 'harmful', 'side', 'effects']",['Ondansetron']
Succidox 100mg Tablet DT,Cefpodoxime Proxetil (100mg),Consuming alcohol with Succidox 100mg Tablet DT does not cause any harmful side effects,Succidox 100mg Tablet DT contains Cefpodoxime Proxetil (100mg) and Consuming alcohol with Succidox 100mg Tablet DT does not cause any harmful side effects,  ANTI INFECTIVES ,"['Succidox', '100', 'mg', 'Tablet', 'DT', 'contains', 'Cefpodoxime', 'Proxetil', '(', '100', 'mg', ')', 'and', 'Consuming', 'alcohol', 'with', 'Succidox', '100', 'mg', 'Tablet', 'DT', 'does', 'not', 'cause', 'any', 'harmful', 'side', 'effects']",[]
Voglus gm 2mg Tablet,Glimepiride (2mg)+ Metformin (500mg)+ Voglibose (0.2mg),It is unsafe to consume alcohol with Voglus gm 2mg Tablet,Voglus gm 2mg Tablet contains Glimepiride (2mg)+ Metformin (500mg)+ Voglibose (0.2mg) and It is unsafe to consume alcohol with Voglus gm 2mg Tablet,  ANTI DIABETI,"['Voglus', 'gm', '2', 'mg', 'Tablet', 'contains', 'Glimepiride', '(', '2mg)+', 'Metformin', '(', '500mg)+', 'Voglibose', '(', '0.2', 'mg', ')', 'and', 'It', 'is', 'unsafe', 'to', 'consume', 'alcohol', 'with', 'Voglus', 'gm', '2', 'mg', 'Tablet']","['Glimepiride', 'Metformin', 'Voglibose']"
